"category","subcategory","ID","Description","GeneRatio","BgRatio","RichFactor","FoldEnrichment","zScore","pvalue","p.adjust","qvalue","geneID","Count"
"Human Diseases","Immune disease","hsa05340","Primary immunodeficiency","14/1034","38/9564",0.368421052631579,3.40771658352845,5.17755481453794,2.1720257465875e-05,0.00749348882572688,0.00642462352411672,"958/6891/7535/3575/100/29760/925/920/3561/6890/959/695/915/5993",14
"Organismal Systems","Immune system","hsa04611","Platelet activation","29/1034","126/9564",0.23015873015873,2.12885695864419,4.44085949003637,5.77943844628019e-05,0.00996953131983334,0.00854748528107755,"5500/1278/108/9138/6714/5331/2207/2243/1277/2212/10672/2244/4067/5590/5603/11093/1432/5293/340156/7094/2266/115/695/5567/10235/8681/2534/3708/10125",29
"Genetic Information Processing","Folding, sorting and degradation","hsa04141","Protein processing in endoplasmic reticulum","36/1034","174/9564",0.206896551724138,1.91369305675982,4.23472277252669,8.7503498871105e-05,0.0100629023701771,0.00862753795887035,"1649/258010/10970/23645/5034/3300/5886/6048/5589/7841/824/10952/596/10134/10277/7494/118424/50613/9871/29978/10113/51726/56893/3703/1965/10961/746/3326/7415/9601/6400/3305/55666/468/6748/8454",36
"Environmental Information Processing","Signal transduction","hsa04064","NF-kappa B signaling pathway","24/1034","105/9564",0.228571428571429,2.11417518651561,3.99676258061886,0.000274012666598143,0.0236335924940898,0.0202625156089679,"7412/3553/2919/2920/6387/5328/6351/4067/958/84433/1896/7535/4049/29760/596/7187/27040/959/695/1457/1460/55367/5579/1540",24
"Human Diseases","Infectious disease: bacterial","hsa05120","Epithelial cell signaling in Helicobacter pylori infection","18/1034","71/9564",0.253521126760563,2.34494783011415,3.96018709486424,0.000413954741822767,0.0285628771857709,0.0244886910425679,"2919/2920/5803/7082/6714/4067/50617/5603/155066/1432/10392/1445/534/83700/6352/245973/51382/528",18
